(1.0, 0.4980392156862745, 0.054901960784313725)	b07_h055_03_upariṣṭādbr̥hatī
(1.0, 0.4980392156862745, 0.054901960784313725)	b07_h055_04_upariṣṭādbr̥hatī
(1.0, 0.4980392156862745, 0.054901960784313725)	b07_h055_06_anuṣṭubh
(1.0, 0.4980392156862745, 0.054901960784313725)	b07_h094_12_anuṣṭubh
(1.0, 0.4980392156862745, 0.054901960784313725)	b07_h055_02_upariṣṭādbr̥hatī
(1.0, 0.4980392156862745, 0.054901960784313725)	b07_h104_25_anuṣṭubh
(1.0, 0.4980392156862745, 0.054901960784313725)	b07_h015_15_gāyatrī
(1.0, 0.4980392156862745, 0.054901960784313725)	b07_h094_01_gāyatrī
(1.0, 0.4980392156862745, 0.054901960784313725)	b07_h059_12_anuṣᵭubh
(1.0, 0.4980392156862745, 0.054901960784313725)	b07_h103_01_anuṣṭubh
(1.0, 0.4980392156862745, 0.054901960784313725)	b07_h055_05_anuṣṭubh
(1.0, 0.4980392156862745, 0.054901960784313725)	b07_h055_07_anuṣṭubh
(1.0, 0.4980392156862745, 0.054901960784313725)	b07_h055_08_anuṣṭubh
(1.0, 0.4980392156862745, 0.054901960784313725)	b07_h015_08_gāyatrī
(1.0, 0.4980392156862745, 0.054901960784313725)	b07_h102_01_gāyatrī
(1.0, 0.4980392156862745, 0.054901960784313725)	b07_h015_10_gāyatrī
(1.0, 0.4980392156862745, 0.054901960784313725)	b07_h015_03_gāyatrī
(1.0, 0.4980392156862745, 0.054901960784313725)	b07_h015_07_gāyatrī
(1.0, 0.4980392156862745, 0.054901960784313725)	b07_h031_01_gāyatrī
(1.0, 0.4980392156862745, 0.054901960784313725)	b07_h059_09_gāyatrī
(1.0, 0.4980392156862745, 0.054901960784313725)	b07_h059_10_gāyatrī
(1.0, 0.4980392156862745, 0.054901960784313725)	b07_h066_03_gāyatrī
(1.0, 0.4980392156862745, 0.054901960784313725)	b07_h015_02_gāyatrī
(1.0, 0.4980392156862745, 0.054901960784313725)	b07_h059_11_gāyatrī
(1.0, 0.4980392156862745, 0.054901960784313725)	b07_h066_08_gāyatrī
(1.0, 0.4980392156862745, 0.054901960784313725)	b07_h066_09_gāyatrī
(1.0, 0.4980392156862745, 0.054901960784313725)	b07_h015_11_gāyatrī
(1.0, 0.4980392156862745, 0.054901960784313725)	b07_h015_12_gāyatrī
(1.0, 0.4980392156862745, 0.054901960784313725)	b07_h031_04_gāyatrī
(1.0, 0.4980392156862745, 0.054901960784313725)	b07_h015_13_gāyatrī
(1.0, 0.4980392156862745, 0.054901960784313725)	b07_h066_01_gāyatrī
(1.0, 0.4980392156862745, 0.054901960784313725)	b07_h066_16_puraüṣṇih
(1.0, 0.4980392156862745, 0.054901960784313725)	b07_h094_02_gāyatrī
(1.0, 0.4980392156862745, 0.054901960784313725)	b07_h066_04_gāyatrī
(1.0, 0.4980392156862745, 0.054901960784313725)	b07_h066_07_gāyatrī
(1.0, 0.4980392156862745, 0.054901960784313725)	b07_h015_06_gāyatrī
(1.0, 0.4980392156862745, 0.054901960784313725)	b07_h031_02_gāyatrī
(1.0, 0.4980392156862745, 0.054901960784313725)	b07_h015_09_gāyatrī
(1.0, 0.4980392156862745, 0.054901960784313725)	b07_h094_05_gāyatrī
(1.0, 0.4980392156862745, 0.054901960784313725)	b07_h089_04_gāyatrī
(1.0, 0.4980392156862745, 0.054901960784313725)	b07_h089_02_gāyatrī
(1.0, 0.4980392156862745, 0.054901960784313725)	b07_h089_01_gāyatrī
(1.0, 0.4980392156862745, 0.054901960784313725)	b07_h089_03_gāyatrī
(1.0, 0.4980392156862745, 0.054901960784313725)	b07_h094_03_gāyatrī
(1.0, 0.4980392156862745, 0.054901960784313725)	b07_h094_07_gāyatrī
(1.0, 0.4980392156862745, 0.054901960784313725)	b07_h066_05_gāyatrī
(1.0, 0.4980392156862745, 0.054901960784313725)	b07_h094_09_gāyatrī
(1.0, 0.4980392156862745, 0.054901960784313725)	b07_h015_01_gāyatrī
(1.0, 0.4980392156862745, 0.054901960784313725)	b07_h031_09_gāyatrī
(1.0, 0.4980392156862745, 0.054901960784313725)	b07_h066_17_gāyatrī
(1.0, 0.4980392156862745, 0.054901960784313725)	b07_h094_11_gāyatrī
(1.0, 0.4980392156862745, 0.054901960784313725)	b07_h016_05_br̥hatī alternating with satobr̥hatī
(1.0, 0.4980392156862745, 0.054901960784313725)	b07_h066_02_gāyatrī
(1.0, 0.4980392156862745, 0.054901960784313725)	b07_h094_04_gāyatrī
(1.0, 0.4980392156862745, 0.054901960784313725)	b07_h015_05_gāyatrī
(1.0, 0.4980392156862745, 0.054901960784313725)	b07_h066_19_gāyatrī
(1.0, 0.4980392156862745, 0.054901960784313725)	b07_h066_06_gāyatrī
(1.0, 0.4980392156862745, 0.054901960784313725)	b07_h066_18_gāyatrī
(1.0, 0.4980392156862745, 0.054901960784313725)	b07_h094_08_gāyatrī
(1.0, 0.4980392156862745, 0.054901960784313725)	b07_h031_07_gāyatrī
(1.0, 0.4980392156862745, 0.054901960784313725)	b07_h102_02_gāyatrī
(1.0, 0.4980392156862745, 0.054901960784313725)	b07_h096_03_prastārapaṅkti
(1.0, 0.4980392156862745, 0.054901960784313725)	b07_h094_10_gāyatrī
(1.0, 0.4980392156862745, 0.054901960784313725)	b07_h094_06_gāyatrī
(1.0, 0.4980392156862745, 0.054901960784313725)	b07_h096_04_gāyatrī
(1.0, 0.4980392156862745, 0.054901960784313725)	b07_h015_14_gāyatrī
(1.0, 0.4980392156862745, 0.054901960784313725)	b07_h096_05_gāyatrī
(1.0, 0.4980392156862745, 0.054901960784313725)	b07_h102_03_gāyatrī
(1.0, 0.4980392156862745, 0.054901960784313725)	b07_h015_04_gāyatrī
(1.0, 0.4980392156862745, 0.054901960784313725)	b07_h031_03_gāyatrī
(1.0, 0.4980392156862745, 0.054901960784313725)	b07_h031_05_gāyatrī
(1.0, 0.4980392156862745, 0.054901960784313725)	b07_h055_01_gāyatrī
(1.0, 0.4980392156862745, 0.054901960784313725)	b07_h031_06_gāyatrī
(1.0, 0.4980392156862745, 0.054901960784313725)	b07_h096_06_gāyatrī
(1.0, 0.4980392156862745, 0.054901960784313725)	b07_h031_08_gāyatrī
(1.0, 0.4980392156862745, 0.054901960784313725)	b07_h032_16_br̥hatī alternating with satobr̥hatī
(1.0, 0.4980392156862745, 0.054901960784313725)	b07_h074_04_br̥hatī alternating with satobr̥hatī
(1.0, 0.4980392156862745, 0.054901960784313725)	b07_h016_01_br̥hatī alternating with satobr̥hatī
(1.0, 0.4980392156862745, 0.054901960784313725)	b07_h032_25_br̥hatī alternating with satobr̥hatī
(1.0, 0.4980392156862745, 0.054901960784313725)	b07_h016_02_br̥hatī alternating with satobr̥hatī
(1.0, 0.4980392156862745, 0.054901960784313725)	b07_h074_01_br̥hatī alternating with satobr̥hatī
(1.0, 0.4980392156862745, 0.054901960784313725)	b07_h096_01_br̥hatī
(1.0, 0.4980392156862745, 0.054901960784313725)	b07_h032_08_br̥hatī alternating with satobr̥hatī
(1.0, 0.4980392156862745, 0.054901960784313725)	b07_h066_10_br̥hatī-satobr̥hatī
(1.0, 0.4980392156862745, 0.054901960784313725)	b07_h014_01_br̥hatī
(1.0, 0.4980392156862745, 0.054901960784313725)	b07_h032_23_br̥hatī alternating with satobr̥hatī
(1.0, 0.4980392156862745, 0.054901960784313725)	b07_h096_02_satobr̥hatī
(1.0, 0.4980392156862745, 0.054901960784313725)	b07_h032_15_br̥hatī alternating with satobr̥hatī
(1.0, 0.4980392156862745, 0.054901960784313725)	b07_h032_17_br̥hatī alternating with satobr̥hatī
(1.0, 0.4980392156862745, 0.054901960784313725)	b07_h066_15_br̥hatī-satobr̥hatī
(1.0, 0.4980392156862745, 0.054901960784313725)	b07_h032_11_br̥hatī alternating with satobr̥hatī
(1.0, 0.4980392156862745, 0.054901960784313725)	b07_h016_12_br̥hatī alternating with satobr̥hatī
(1.0, 0.4980392156862745, 0.054901960784313725)	b07_h016_07_br̥hatī alternating with satobr̥hatī
(1.0, 0.4980392156862745, 0.054901960784313725)	b07_h032_22_br̥hatī alternating with satobr̥hatī
(1.0, 0.4980392156862745, 0.054901960784313725)	b07_h032_21_br̥hatī alternating with satobr̥hatī
(1.0, 0.4980392156862745, 0.054901960784313725)	b07_h066_11_br̥hatī-satobr̥hatī
(1.0, 0.4980392156862745, 0.054901960784313725)	b07_h032_09_br̥hatī alternating with satobr̥hatī
(1.0, 0.4980392156862745, 0.054901960784313725)	b07_h081_02_br̥hatī alternating with satobr̥hatī
(1.0, 0.4980392156862745, 0.054901960784313725)	b07_h081_05_br̥hatī alternating with satobr̥hatī
(1.0, 0.4980392156862745, 0.054901960784313725)	b07_h066_12_br̥hatī-satobr̥hatī
(1.0, 0.4980392156862745, 0.054901960784313725)	b07_h066_14_br̥hatī-satobr̥hatī
(1.0, 0.4980392156862745, 0.054901960784313725)	b07_h016_08_br̥hatī alternating with satobr̥hatī
(1.0, 0.4980392156862745, 0.054901960784313725)	b07_h059_03_br̥hatī
(1.0, 0.4980392156862745, 0.054901960784313725)	b07_h032_24_br̥hatī alternating with satobr̥hatī
(1.0, 0.4980392156862745, 0.054901960784313725)	b07_h074_06_br̥hatī alternating with satobr̥hatī
(1.0, 0.4980392156862745, 0.054901960784313725)	b07_h081_03_br̥hatī alternating with satobr̥hatī
(1.0, 0.4980392156862745, 0.054901960784313725)	b07_h016_09_br̥hatī alternating with satobr̥hatī
(1.0, 0.4980392156862745, 0.054901960784313725)	b07_h032_01_br̥hatī alternating with satobr̥hatī
(1.0, 0.4980392156862745, 0.054901960784313725)	b07_h016_03_br̥hatī alternating with satobr̥hatī
(1.0, 0.4980392156862745, 0.054901960784313725)	b07_h032_18_br̥hatī alternating with satobr̥hatī
(1.0, 0.4980392156862745, 0.054901960784313725)	b07_h032_10_br̥hatī alternating with satobr̥hatī
(1.0, 0.4980392156862745, 0.054901960784313725)	b07_h059_01_br̥hatī
(1.0, 0.4980392156862745, 0.054901960784313725)	b07_h032_02_br̥hatī alternating with satobr̥hatī
(1.0, 0.4980392156862745, 0.054901960784313725)	b07_h032_13_br̥hatī alternating with satobr̥hatī
(1.0, 0.4980392156862745, 0.054901960784313725)	b07_h016_04_br̥hatī alternating with satobr̥hatī
(1.0, 0.4980392156862745, 0.054901960784313725)	b07_h074_03_br̥hatī alternating with satobr̥hatī
(1.0, 0.4980392156862745, 0.054901960784313725)	b07_h032_27_br̥hatī alternating with satobr̥hatī
(1.0, 0.4980392156862745, 0.054901960784313725)	b07_h081_06_br̥hatī alternating with satobr̥hatī
(1.0, 0.4980392156862745, 0.054901960784313725)	b07_h059_06_satobr̥hatī
(1.0, 0.4980392156862745, 0.054901960784313725)	b07_h032_05_br̥hatī alternating with satobr̥hatī
(1.0, 0.4980392156862745, 0.054901960784313725)	b07_h081_04_br̥hatī alternating with satobr̥hatī
(1.0, 0.4980392156862745, 0.054901960784313725)	b07_h032_26_br̥hatī alternating with satobr̥hatī
(1.0, 0.4980392156862745, 0.054901960784313725)	b07_h032_19_br̥hatī alternating with satobr̥hatī
(1.0, 0.4980392156862745, 0.054901960784313725)	b07_h059_04_satobr̥hatī
(1.0, 0.4980392156862745, 0.054901960784313725)	b07_h016_10_br̥hatī alternating with satobr̥hatī
(1.0, 0.4980392156862745, 0.054901960784313725)	b07_h081_01_br̥hatī alternating with satobr̥hatī
(1.0, 0.4980392156862745, 0.054901960784313725)	b07_h032_14_br̥hatī alternating with satobr̥hatī
(1.0, 0.4980392156862745, 0.054901960784313725)	b07_h032_20_br̥hatī alternating with satobr̥hatī
(1.0, 0.4980392156862745, 0.054901960784313725)	b07_h074_02_br̥hatī alternating with satobr̥hatī
(1.0, 0.4980392156862745, 0.054901960784313725)	b07_h032_04_br̥hatī alternating with satobr̥hatī
(1.0, 0.4980392156862745, 0.054901960784313725)	b07_h066_13_br̥hatī-satobr̥hatī
(1.0, 0.4980392156862745, 0.054901960784313725)	b07_h016_06_br̥hatī alternating with satobr̥hatī
(1.0, 0.4980392156862745, 0.054901960784313725)	b07_h032_06_br̥hatī alternating with satobr̥hatī
(1.0, 0.4980392156862745, 0.054901960784313725)	b07_h059_05_br̥hatī
(1.0, 0.4980392156862745, 0.054901960784313725)	b07_h032_12_br̥hatī alternating with satobr̥hatī
(1.0, 0.4980392156862745, 0.054901960784313725)	b07_h059_02_satobr̥hatī
(1.0, 0.4980392156862745, 0.054901960784313725)	b07_h016_11_br̥hatī alternating with satobr̥hatī
(1.0, 0.4980392156862745, 0.054901960784313725)	b07_h032_07_br̥hatī alternating with satobr̥hatī
(1.0, 0.4980392156862745, 0.054901960784313725)	b07_h074_05_br̥hatī alternating with satobr̥hatī
(0.17254901960784313, 0.6274509803921569, 0.17254901960784313)	b07_h032_03_virāj
(0.17254901960784313, 0.6274509803921569, 0.17254901960784313)	b07_h082_10_jagatī
(0.17254901960784313, 0.6274509803921569, 0.17254901960784313)	b07_h083_10_jagatī
(0.17254901960784313, 0.6274509803921569, 0.17254901960784313)	b07_h083_03_jagatī
(0.17254901960784313, 0.6274509803921569, 0.17254901960784313)	b07_h083_02_jagatī
(0.17254901960784313, 0.6274509803921569, 0.17254901960784313)	b07_h082_05_jagatī
(0.17254901960784313, 0.6274509803921569, 0.17254901960784313)	b07_h083_04_jagatī
(0.17254901960784313, 0.6274509803921569, 0.17254901960784313)	b07_h082_04_jagatī
(0.17254901960784313, 0.6274509803921569, 0.17254901960784313)	b07_h104_20_triṣṭubh
(0.17254901960784313, 0.6274509803921569, 0.17254901960784313)	b07_h082_02_jagatī
(0.17254901960784313, 0.6274509803921569, 0.17254901960784313)	b07_h083_08_jagatī
(0.17254901960784313, 0.6274509803921569, 0.17254901960784313)	b07_h083_09_jagatī
(0.17254901960784313, 0.6274509803921569, 0.17254901960784313)	b07_h083_07_jagatī
(0.17254901960784313, 0.6274509803921569, 0.17254901960784313)	b07_h104_21_triṣṭubh
(0.17254901960784313, 0.6274509803921569, 0.17254901960784313)	b07_h044_01_jagatī
(0.17254901960784313, 0.6274509803921569, 0.17254901960784313)	b07_h083_01_jagatī
(0.17254901960784313, 0.6274509803921569, 0.17254901960784313)	b07_h082_08_jagatī
(0.17254901960784313, 0.6274509803921569, 0.17254901960784313)	b07_h082_03_jagatī
(0.17254901960784313, 0.6274509803921569, 0.17254901960784313)	b07_h046_02_jagatī
(0.17254901960784313, 0.6274509803921569, 0.17254901960784313)	b07_h083_06_jagatī
(0.17254901960784313, 0.6274509803921569, 0.17254901960784313)	b07_h082_07_jagatī
(0.17254901960784313, 0.6274509803921569, 0.17254901960784313)	b07_h050_01_jagatī
(0.17254901960784313, 0.6274509803921569, 0.17254901960784313)	b07_h050_02_jagatī
(0.17254901960784313, 0.6274509803921569, 0.17254901960784313)	b07_h104_18_triṣṭubh
(0.17254901960784313, 0.6274509803921569, 0.17254901960784313)	b07_h046_03_jagatī
(0.17254901960784313, 0.6274509803921569, 0.17254901960784313)	b07_h082_06_jagatī
(0.17254901960784313, 0.6274509803921569, 0.17254901960784313)	b07_h018_19_triṣṭubh
(0.17254901960784313, 0.6274509803921569, 0.17254901960784313)	b07_h019_10_triṣṭubh
(0.17254901960784313, 0.6274509803921569, 0.17254901960784313)	b07_h103_08_triṣṭubh
(0.17254901960784313, 0.6274509803921569, 0.17254901960784313)	b07_h104_02_jagatī
(0.17254901960784313, 0.6274509803921569, 0.17254901960784313)	b07_h041_01_jagatī
(0.17254901960784313, 0.6274509803921569, 0.17254901960784313)	b07_h104_04_jagatī
(0.17254901960784313, 0.6274509803921569, 0.17254901960784313)	b07_h046_01_jagatī
(0.17254901960784313, 0.6274509803921569, 0.17254901960784313)	b07_h001_11_virāj
(0.17254901960784313, 0.6274509803921569, 0.17254901960784313)	b07_h104_05_jagatī
(0.17254901960784313, 0.6274509803921569, 0.17254901960784313)	b07_h083_05_jagatī
(0.17254901960784313, 0.6274509803921569, 0.17254901960784313)	b07_h104_01_jagatī
(0.17254901960784313, 0.6274509803921569, 0.17254901960784313)	b07_h082_09_jagatī
(0.17254901960784313, 0.6274509803921569, 0.17254901960784313)	b07_h082_01_jagatī
(0.17254901960784313, 0.6274509803921569, 0.17254901960784313)	b07_h104_06_jagatī
(0.17254901960784313, 0.6274509803921569, 0.17254901960784313)	b07_h104_23_triṣṭubh
(0.17254901960784313, 0.6274509803921569, 0.17254901960784313)	b07_h089_05_jagatī
(0.17254901960784313, 0.6274509803921569, 0.17254901960784313)	b07_h104_03_jagatī
(0.17254901960784313, 0.6274509803921569, 0.17254901960784313)	b07_h104_07_jagatīORtriṣṭubh
(0.17254901960784313, 0.6274509803921569, 0.17254901960784313)	b07_h050_03_jagatī
(0.17254901960784313, 0.6274509803921569, 0.17254901960784313)	b07_h054_01_triṣṭubh
(0.17254901960784313, 0.6274509803921569, 0.17254901960784313)	b07_h047_02_triṣṭubh
(0.17254901960784313, 0.6274509803921569, 0.17254901960784313)	b07_h104_22_triṣṭubh
(0.17254901960784313, 0.6274509803921569, 0.17254901960784313)	b07_h038_06_triṣṭubh
(0.17254901960784313, 0.6274509803921569, 0.17254901960784313)	b07_h059_08_triṣṭubh
(0.17254901960784313, 0.6274509803921569, 0.17254901960784313)	b07_h103_02_triṣṭubh
(0.17254901960784313, 0.6274509803921569, 0.17254901960784313)	b07_h103_07_triṣṭubh
(0.17254901960784313, 0.6274509803921569, 0.17254901960784313)	b07_h009_03_triṣṭubh
(0.17254901960784313, 0.6274509803921569, 0.17254901960784313)	b07_h067_08_triṣṭubh
(0.17254901960784313, 0.6274509803921569, 0.17254901960784313)	b07_h025_03_triṣṭubh
(0.17254901960784313, 0.6274509803921569, 0.17254901960784313)	b07_h067_06_triṣṭubh
(0.17254901960784313, 0.6274509803921569, 0.17254901960784313)	b07_h063_05_triṣṭubh
(0.17254901960784313, 0.6274509803921569, 0.17254901960784313)	b07_h030_01_triṣṭubh
(0.17254901960784313, 0.6274509803921569, 0.17254901960784313)	b07_h098_02_triṣṭubh
(0.17254901960784313, 0.6274509803921569, 0.17254901960784313)	b07_h092_01_triṣṭubh
(0.17254901960784313, 0.6274509803921569, 0.17254901960784313)	b07_h005_04_triṣṭubh
(0.17254901960784313, 0.6274509803921569, 0.17254901960784313)	b07_h005_06_triṣṭubh
(0.17254901960784313, 0.6274509803921569, 0.17254901960784313)	b07_h036_07_triṣṭubh
(0.17254901960784313, 0.6274509803921569, 0.17254901960784313)	b07_h024_05_triṣṭubh
(0.17254901960784313, 0.6274509803921569, 0.17254901960784313)	b07_h026_03_triṣṭubh
(0.17254901960784313, 0.6274509803921569, 0.17254901960784313)	b07_h079_02_triṣṭubh
(0.17254901960784313, 0.6274509803921569, 0.17254901960784313)	b07_h103_04_triṣṭubh
(0.17254901960784313, 0.6274509803921569, 0.17254901960784313)	b07_h039_03_triṣṭubh
(0.17254901960784313, 0.6274509803921569, 0.17254901960784313)	b07_h018_15_triṣṭubh
(0.17254901960784313, 0.6274509803921569, 0.17254901960784313)	b07_h103_09_triṣṭubh
(0.17254901960784313, 0.6274509803921569, 0.17254901960784313)	b07_h056_13_triṣṭubh
(0.17254901960784313, 0.6274509803921569, 0.17254901960784313)	b07_h064_03_triṣṭubh
(0.17254901960784313, 0.6274509803921569, 0.17254901960784313)	b07_h071_01_triṣṭubh
(0.17254901960784313, 0.6274509803921569, 0.17254901960784313)	b07_h002_08_triṣṭubh
(0.17254901960784313, 0.6274509803921569, 0.17254901960784313)	b07_h033_02_triṣṭubh
(0.17254901960784313, 0.6274509803921569, 0.17254901960784313)	b07_h036_05_triṣṭubh
(0.17254901960784313, 0.6274509803921569, 0.17254901960784313)	b07_h069_01_triṣṭubh
(0.17254901960784313, 0.6274509803921569, 0.17254901960784313)	b07_h038_08_triṣṭubh
(0.17254901960784313, 0.6274509803921569, 0.17254901960784313)	b07_h062_01_triṣṭubh
(0.17254901960784313, 0.6274509803921569, 0.17254901960784313)	b07_h033_08_triṣṭubh
(0.17254901960784313, 0.6274509803921569, 0.17254901960784313)	b07_h060_10_triṣṭubh
(0.17254901960784313, 0.6274509803921569, 0.17254901960784313)	b07_h036_03_triṣṭubh
(0.17254901960784313, 0.6274509803921569, 0.17254901960784313)	b07_h073_01_triṣṭubh
(0.17254901960784313, 0.6274509803921569, 0.17254901960784313)	b07_h018_08_triṣṭubh
(0.17254901960784313, 0.6274509803921569, 0.17254901960784313)	b07_h002_04_triṣṭubh
(0.17254901960784313, 0.6274509803921569, 0.17254901960784313)	b07_h091_01_triṣṭubh
(0.17254901960784313, 0.6274509803921569, 0.17254901960784313)	b07_h009_05_triṣṭubh
(0.17254901960784313, 0.6274509803921569, 0.17254901960784313)	b07_h080_02_triṣṭubh
(0.17254901960784313, 0.6274509803921569, 0.17254901960784313)	b07_h045_03_triṣṭubh
(0.17254901960784313, 0.6274509803921569, 0.17254901960784313)	b07_h048_02_triṣṭubh
(0.17254901960784313, 0.6274509803921569, 0.17254901960784313)	b07_h093_03_triṣṭubh
(0.17254901960784313, 0.6274509803921569, 0.17254901960784313)	b07_h044_04_triṣṭubh
(0.17254901960784313, 0.6274509803921569, 0.17254901960784313)	b07_h090_05_triṣṭubh
(0.17254901960784313, 0.6274509803921569, 0.17254901960784313)	b07_h018_20_triṣṭubh
(0.17254901960784313, 0.6274509803921569, 0.17254901960784313)	b07_h024_04_triṣṭubh
(0.17254901960784313, 0.6274509803921569, 0.17254901960784313)	b07_h033_04_triṣṭubh
(0.17254901960784313, 0.6274509803921569, 0.17254901960784313)	b07_h069_04_triṣṭubh
(0.17254901960784313, 0.6274509803921569, 0.17254901960784313)	b07_h034_23_triṣṭubh
(0.17254901960784313, 0.6274509803921569, 0.17254901960784313)	b07_h087_06_triṣṭubh
(0.17254901960784313, 0.6274509803921569, 0.17254901960784313)	b07_h036_01_triṣṭubh
(0.17254901960784313, 0.6274509803921569, 0.17254901960784313)	b07_h071_05_triṣṭubh
(0.17254901960784313, 0.6274509803921569, 0.17254901960784313)	b07_h085_04_triṣṭubh
(0.17254901960784313, 0.6274509803921569, 0.17254901960784313)	b07_h018_02_triṣṭubh
(0.17254901960784313, 0.6274509803921569, 0.17254901960784313)	b07_h002_01_triṣṭubh
(0.17254901960784313, 0.6274509803921569, 0.17254901960784313)	b07_h039_05_triṣṭubh
(0.17254901960784313, 0.6274509803921569, 0.17254901960784313)	b07_h076_05_triṣṭubh
(0.17254901960784313, 0.6274509803921569, 0.17254901960784313)	b07_h033_10_triṣṭubh
(0.17254901960784313, 0.6274509803921569, 0.17254901960784313)	b07_h093_07_triṣṭubh
(0.17254901960784313, 0.6274509803921569, 0.17254901960784313)	b07_h041_05_triṣṭubh
(0.17254901960784313, 0.6274509803921569, 0.17254901960784313)	b07_h047_01_triṣṭubh
(0.17254901960784313, 0.6274509803921569, 0.17254901960784313)	b07_h065_02_triṣṭubh
(0.17254901960784313, 0.6274509803921569, 0.17254901960784313)	b07_h020_09_triṣṭubh
(0.17254901960784313, 0.6274509803921569, 0.17254901960784313)	b07_h041_02_triṣṭubh
(0.17254901960784313, 0.6274509803921569, 0.17254901960784313)	b07_h018_18_triṣṭubh
(0.17254901960784313, 0.6274509803921569, 0.17254901960784313)	b07_h018_03_triṣṭubh
(0.17254901960784313, 0.6274509803921569, 0.17254901960784313)	b07_h023_04_triṣṭubh
(0.17254901960784313, 0.6274509803921569, 0.17254901960784313)	b07_h058_03_triṣṭubh
(0.17254901960784313, 0.6274509803921569, 0.17254901960784313)	b07_h071_04_triṣṭubh
(0.17254901960784313, 0.6274509803921569, 0.17254901960784313)	b07_h062_02_triṣṭubh
(0.17254901960784313, 0.6274509803921569, 0.17254901960784313)	b07_h021_05_triṣṭubh
(0.17254901960784313, 0.6274509803921569, 0.17254901960784313)	b07_h103_05_triṣṭubh
(0.17254901960784313, 0.6274509803921569, 0.17254901960784313)	b07_h003_05_triṣṭubh
(0.17254901960784313, 0.6274509803921569, 0.17254901960784313)	b07_h101_02_triṣṭubh
(0.17254901960784313, 0.6274509803921569, 0.17254901960784313)	b07_h104_10_triṣṭubh
(0.17254901960784313, 0.6274509803921569, 0.17254901960784313)	b07_h011_01_triṣṭubh
(0.17254901960784313, 0.6274509803921569, 0.17254901960784313)	b07_h099_03_triṣṭubh
(0.17254901960784313, 0.6274509803921569, 0.17254901960784313)	b07_h012_01_triṣṭubh
(0.17254901960784313, 0.6274509803921569, 0.17254901960784313)	b07_h101_05_triṣṭubh
(0.17254901960784313, 0.6274509803921569, 0.17254901960784313)	b07_h009_04_triṣṭubh
(0.17254901960784313, 0.6274509803921569, 0.17254901960784313)	b07_h018_10_triṣṭubh
(0.17254901960784313, 0.6274509803921569, 0.17254901960784313)	b07_h097_05_triṣṭubh
(0.17254901960784313, 0.6274509803921569, 0.17254901960784313)	b07_h095_03_triṣṭubh
(0.17254901960784313, 0.6274509803921569, 0.17254901960784313)	b07_h005_08_triṣṭubh
(0.17254901960784313, 0.6274509803921569, 0.17254901960784313)	b07_h051_01_triṣṭubh
(0.17254901960784313, 0.6274509803921569, 0.17254901960784313)	b07_h006_07_triṣṭubh
(0.17254901960784313, 0.6274509803921569, 0.17254901960784313)	b07_h033_06_triṣṭubh
(0.17254901960784313, 0.6274509803921569, 0.17254901960784313)	b07_h073_04_triṣṭubh
(0.17254901960784313, 0.6274509803921569, 0.17254901960784313)	b07_h069_07_triṣṭubh
(0.17254901960784313, 0.6274509803921569, 0.17254901960784313)	b07_h075_03_triṣṭubh
(0.17254901960784313, 0.6274509803921569, 0.17254901960784313)	b07_h104_24_triṣṭubh
(0.17254901960784313, 0.6274509803921569, 0.17254901960784313)	b07_h056_23_triṣṭubh
(0.17254901960784313, 0.6274509803921569, 0.17254901960784313)	b07_h018_11_triṣṭubh
(0.17254901960784313, 0.6274509803921569, 0.17254901960784313)	b07_h100_02_triṣṭubh
(0.17254901960784313, 0.6274509803921569, 0.17254901960784313)	b07_h064_02_triṣṭubh
(0.17254901960784313, 0.6274509803921569, 0.17254901960784313)	b07_h104_19_triṣṭubh
(0.17254901960784313, 0.6274509803921569, 0.17254901960784313)	b07_h025_04_triṣṭubh
(0.17254901960784313, 0.6274509803921569, 0.17254901960784313)	b07_h076_01_triṣṭubh
(0.17254901960784313, 0.6274509803921569, 0.17254901960784313)	b07_h095_01_triṣṭubh
(0.17254901960784313, 0.6274509803921569, 0.17254901960784313)	b07_h091_05_triṣṭubh
(0.17254901960784313, 0.6274509803921569, 0.17254901960784313)	b07_h101_03_triṣṭubh
(0.17254901960784313, 0.6274509803921569, 0.17254901960784313)	b07_h064_04_triṣṭubh
(0.17254901960784313, 0.6274509803921569, 0.17254901960784313)	b07_h073_02_triṣṭubh
(0.17254901960784313, 0.6274509803921569, 0.17254901960784313)	b07_h049_03_triṣṭubh
(0.17254901960784313, 0.6274509803921569, 0.17254901960784313)	b07_h049_04_triṣṭubh
(0.17254901960784313, 0.6274509803921569, 0.17254901960784313)	b07_h090_02_triṣṭubh
(0.17254901960784313, 0.6274509803921569, 0.17254901960784313)	b07_h067_07_triṣṭubh
(0.17254901960784313, 0.6274509803921569, 0.17254901960784313)	b07_h077_02_triṣṭubh
(0.17254901960784313, 0.6274509803921569, 0.17254901960784313)	b07_h018_13_triṣṭubh
(0.17254901960784313, 0.6274509803921569, 0.17254901960784313)	b07_h028_01_triṣṭubh
(0.17254901960784313, 0.6274509803921569, 0.17254901960784313)	b07_h044_03_triṣṭubh
(0.17254901960784313, 0.6274509803921569, 0.17254901960784313)	b07_h001_19_triṣṭubh
(0.17254901960784313, 0.6274509803921569, 0.17254901960784313)	b07_h035_07_triṣṭubh
(0.17254901960784313, 0.6274509803921569, 0.17254901960784313)	b07_h035_09_triṣṭubh
(0.17254901960784313, 0.6274509803921569, 0.17254901960784313)	b07_h035_13_triṣṭubh
(0.17254901960784313, 0.6274509803921569, 0.17254901960784313)	b07_h035_02_triṣṭubh
(0.17254901960784313, 0.6274509803921569, 0.17254901960784313)	b07_h035_03_triṣṭubh
(0.17254901960784313, 0.6274509803921569, 0.17254901960784313)	b07_h035_05_triṣṭubh
(0.17254901960784313, 0.6274509803921569, 0.17254901960784313)	b07_h035_08_triṣṭubh
(0.17254901960784313, 0.6274509803921569, 0.17254901960784313)	b07_h035_04_triṣṭubh
(0.17254901960784313, 0.6274509803921569, 0.17254901960784313)	b07_h035_12_triṣṭubh
(0.17254901960784313, 0.6274509803921569, 0.17254901960784313)	b07_h022_08_virāj
(0.17254901960784313, 0.6274509803921569, 0.17254901960784313)	b07_h088_03_triṣṭubh
(0.17254901960784313, 0.6274509803921569, 0.17254901960784313)	b07_h104_11_triṣṭubh
(0.17254901960784313, 0.6274509803921569, 0.17254901960784313)	b07_h035_11_triṣṭubh
(0.17254901960784313, 0.6274509803921569, 0.17254901960784313)	b07_h093_06_triṣṭubh
(0.17254901960784313, 0.6274509803921569, 0.17254901960784313)	b07_h040_04_triṣṭubh
(0.17254901960784313, 0.6274509803921569, 0.17254901960784313)	b07_h104_12_triṣṭubh
(0.17254901960784313, 0.6274509803921569, 0.17254901960784313)	b07_h028_04_triṣṭubh
(0.17254901960784313, 0.6274509803921569, 0.17254901960784313)	b07_h057_05_triṣṭubh
(0.17254901960784313, 0.6274509803921569, 0.17254901960784313)	b07_h008_04_triṣṭubh
(0.17254901960784313, 0.6274509803921569, 0.17254901960784313)	b07_h086_01_triṣṭubh
(0.17254901960784313, 0.6274509803921569, 0.17254901960784313)	b07_h004_04_triṣṭubh
(0.17254901960784313, 0.6274509803921569, 0.17254901960784313)	b07_h020_04_triṣṭubh
(0.17254901960784313, 0.6274509803921569, 0.17254901960784313)	b07_h086_04_triṣṭubh
(0.17254901960784313, 0.6274509803921569, 0.17254901960784313)	b07_h061_01_triṣṭubh
(0.17254901960784313, 0.6274509803921569, 0.17254901960784313)	b07_h084_02_triṣṭubh
(0.17254901960784313, 0.6274509803921569, 0.17254901960784313)	b07_h065_04_triṣṭubh
(0.17254901960784313, 0.6274509803921569, 0.17254901960784313)	b07_h086_03_triṣṭubh
(0.17254901960784313, 0.6274509803921569, 0.17254901960784313)	b07_h004_07_triṣṭubh
(0.17254901960784313, 0.6274509803921569, 0.17254901960784313)	b07_h038_02_triṣṭubh
(0.17254901960784313, 0.6274509803921569, 0.17254901960784313)	b07_h056_20_triṣṭubh
(0.17254901960784313, 0.6274509803921569, 0.17254901960784313)	b07_h023_02_triṣṭubh
(0.17254901960784313, 0.6274509803921569, 0.17254901960784313)	b07_h099_01_triṣṭubh
(0.17254901960784313, 0.6274509803921569, 0.17254901960784313)	b07_h021_09_triṣṭubh
(0.17254901960784313, 0.6274509803921569, 0.17254901960784313)	b07_h042_05_triṣṭubh
(0.17254901960784313, 0.6274509803921569, 0.17254901960784313)	b07_h067_04_triṣṭubh
(0.17254901960784313, 0.6274509803921569, 0.17254901960784313)	b07_h007_01_triṣṭubh
(0.17254901960784313, 0.6274509803921569, 0.17254901960784313)	b07_h029_01_triṣṭubh
(0.17254901960784313, 0.6274509803921569, 0.17254901960784313)	b07_h036_02_triṣṭubh
(0.17254901960784313, 0.6274509803921569, 0.17254901960784313)	b07_h020_06_triṣṭubh
(0.17254901960784313, 0.6274509803921569, 0.17254901960784313)	b07_h029_03_triṣṭubh
(0.17254901960784313, 0.6274509803921569, 0.17254901960784313)	b07_h020_08_triṣṭubh
(0.17254901960784313, 0.6274509803921569, 0.17254901960784313)	b07_h070_05_jagatī
(0.17254901960784313, 0.6274509803921569, 0.17254901960784313)	b07_h061_05_triṣṭubh
(0.17254901960784313, 0.6274509803921569, 0.17254901960784313)	b07_h033_14_triṣṭubh
(0.17254901960784313, 0.6274509803921569, 0.17254901960784313)	b07_h060_03_triṣṭubh
(0.17254901960784313, 0.6274509803921569, 0.17254901960784313)	b07_h061_03_triṣṭubh
(0.17254901960784313, 0.6274509803921569, 0.17254901960784313)	b07_h021_01_triṣṭubh
(0.17254901960784313, 0.6274509803921569, 0.17254901960784313)	b07_h042_03_triṣṭubh
(0.17254901960784313, 0.6274509803921569, 0.17254901960784313)	b07_h060_02_triṣṭubh
(0.17254901960784313, 0.6274509803921569, 0.17254901960784313)	b07_h028_03_triṣṭubh
(0.17254901960784313, 0.6274509803921569, 0.17254901960784313)	b07_h087_04_triṣṭubh
(0.17254901960784313, 0.6274509803921569, 0.17254901960784313)	b07_h001_16_virāj
(0.17254901960784313, 0.6274509803921569, 0.17254901960784313)	b07_h057_01_triṣṭubh
(0.17254901960784313, 0.6274509803921569, 0.17254901960784313)	b07_h030_03_triṣṭubh
(0.17254901960784313, 0.6274509803921569, 0.17254901960784313)	b07_h088_02_triṣṭubh
(0.17254901960784313, 0.6274509803921569, 0.17254901960784313)	b07_h003_02_triṣṭubh
(0.17254901960784313, 0.6274509803921569, 0.17254901960784313)	b07_h003_04_triṣṭubh
(0.17254901960784313, 0.6274509803921569, 0.17254901960784313)	b07_h001_21_triṣṭubh
(0.17254901960784313, 0.6274509803921569, 0.17254901960784313)	b07_h100_06_triṣṭubh
(0.17254901960784313, 0.6274509803921569, 0.17254901960784313)	b07_h025_02_triṣṭubh
(0.17254901960784313, 0.6274509803921569, 0.17254901960784313)	b07_h049_01_triṣṭubh
(0.17254901960784313, 0.6274509803921569, 0.17254901960784313)	b07_h063_03_triṣṭubh
(0.17254901960784313, 0.6274509803921569, 0.17254901960784313)	b07_h021_06_triṣṭubh
(0.17254901960784313, 0.6274509803921569, 0.17254901960784313)	b07_h070_01_jagatī
(0.17254901960784313, 0.6274509803921569, 0.17254901960784313)	b07_h037_06_triṣṭubh
(0.17254901960784313, 0.6274509803921569, 0.17254901960784313)	b07_h086_02_triṣṭubh
(0.17254901960784313, 0.6274509803921569, 0.17254901960784313)	b07_h020_05_triṣṭubh
(0.17254901960784313, 0.6274509803921569, 0.17254901960784313)	b07_h038_03_triṣṭubh
(0.17254901960784313, 0.6274509803921569, 0.17254901960784313)	b07_h004_09_triṣṭubh
(0.17254901960784313, 0.6274509803921569, 0.17254901960784313)	b07_h086_05_triṣṭubh
(0.17254901960784313, 0.6274509803921569, 0.17254901960784313)	b07_h024_01_triṣṭubh
(0.17254901960784313, 0.6274509803921569, 0.17254901960784313)	b07_h004_08_triṣṭubh
(0.17254901960784313, 0.6274509803921569, 0.17254901960784313)	b07_h104_15_triṣṭubh
(0.17254901960784313, 0.6274509803921569, 0.17254901960784313)	b07_h019_05_triṣṭubh
(0.17254901960784313, 0.6274509803921569, 0.17254901960784313)	b07_h003_06_triṣṭubh
(0.17254901960784313, 0.6274509803921569, 0.17254901960784313)	b07_h041_03_triṣṭubh
(0.17254901960784313, 0.6274509803921569, 0.17254901960784313)	b07_h005_07_triṣṭubh
(0.17254901960784313, 0.6274509803921569, 0.17254901960784313)	b07_h008_02_triṣṭubh
(0.17254901960784313, 0.6274509803921569, 0.17254901960784313)	b07_h033_03_triṣṭubh
(0.17254901960784313, 0.6274509803921569, 0.17254901960784313)	b07_h037_04_triṣṭubh
(0.17254901960784313, 0.6274509803921569, 0.17254901960784313)	b07_h104_14_triṣṭubh
(0.17254901960784313, 0.6274509803921569, 0.17254901960784313)	b07_h019_04_triṣṭubh
(0.17254901960784313, 0.6274509803921569, 0.17254901960784313)	b07_h019_02_triṣṭubh
(0.17254901960784313, 0.6274509803921569, 0.17254901960784313)	b07_h005_02_triṣṭubh
(0.17254901960784313, 0.6274509803921569, 0.17254901960784313)	b07_h079_04_triṣṭubh
(0.17254901960784313, 0.6274509803921569, 0.17254901960784313)	b07_h027_02_triṣṭubh
(0.17254901960784313, 0.6274509803921569, 0.17254901960784313)	b07_h037_05_triṣṭubh
(0.17254901960784313, 0.6274509803921569, 0.17254901960784313)	b07_h069_05_triṣṭubh
(0.17254901960784313, 0.6274509803921569, 0.17254901960784313)	b07_h004_02_triṣṭubh
(0.17254901960784313, 0.6274509803921569, 0.17254901960784313)	b07_h025_01_triṣṭubh
(0.17254901960784313, 0.6274509803921569, 0.17254901960784313)	b07_h001_02_virāj
(0.17254901960784313, 0.6274509803921569, 0.17254901960784313)	b07_h022_06_virāj
(0.17254901960784313, 0.6274509803921569, 0.17254901960784313)	b07_h034_17_dvipadā
(0.17254901960784313, 0.6274509803921569, 0.17254901960784313)	b07_h034_18_dvipadā
(0.17254901960784313, 0.6274509803921569, 0.17254901960784313)	b07_h007_06_triṣṭubh
(0.17254901960784313, 0.6274509803921569, 0.17254901960784313)	b07_h101_01_triṣṭubh
(0.17254901960784313, 0.6274509803921569, 0.17254901960784313)	b07_h062_04_triṣṭubh
(0.17254901960784313, 0.6274509803921569, 0.17254901960784313)	b07_h035_06_triṣṭubh
(0.17254901960784313, 0.6274509803921569, 0.17254901960784313)	b07_h056_21_triṣṭubh
(0.17254901960784313, 0.6274509803921569, 0.17254901960784313)	b07_h068_04_virāj
(0.17254901960784313, 0.6274509803921569, 0.17254901960784313)	b07_h068_05_virāj
(0.17254901960784313, 0.6274509803921569, 0.17254901960784313)	b07_h052_02_triṣṭubh
(0.17254901960784313, 0.6274509803921569, 0.17254901960784313)	b07_h058_02_triṣṭubh
(0.17254901960784313, 0.6274509803921569, 0.17254901960784313)	b07_h062_05_triṣṭubh
(0.17254901960784313, 0.6274509803921569, 0.17254901960784313)	b07_h028_02_triṣṭubh
(0.17254901960784313, 0.6274509803921569, 0.17254901960784313)	b07_h057_04_triṣṭubh
(0.8392156862745098, 0.15294117647058825, 0.1568627450980392)	b07_h027_05_triṣṭubh
(0.8392156862745098, 0.15294117647058825, 0.1568627450980392)	b07_h078_05_triṣṭubh
(0.8392156862745098, 0.15294117647058825, 0.1568627450980392)	b07_h046_04_triṣṭubh
(0.8392156862745098, 0.15294117647058825, 0.1568627450980392)	b07_h101_06_triṣṭubh
(0.8392156862745098, 0.15294117647058825, 0.1568627450980392)	b07_h086_08_triṣṭubh
(0.8392156862745098, 0.15294117647058825, 0.1568627450980392)	b07_h020_10_triṣṭubh
(0.8392156862745098, 0.15294117647058825, 0.1568627450980392)	b07_h021_10_triṣṭubh
(0.8392156862745098, 0.15294117647058825, 0.1568627450980392)	b07_h084_05_triṣṭubh
(0.8392156862745098, 0.15294117647058825, 0.1568627450980392)	b07_h085_05_triṣṭubh
(0.8392156862745098, 0.15294117647058825, 0.1568627450980392)	b07_h097_10_triṣṭubh
(0.8392156862745098, 0.15294117647058825, 0.1568627450980392)	b07_h098_07_triṣṭubh
(0.8392156862745098, 0.15294117647058825, 0.1568627450980392)	b07_h054_03_triṣṭubh
(0.8392156862745098, 0.15294117647058825, 0.1568627450980392)	b07_h079_05_triṣṭubh
(0.8392156862745098, 0.15294117647058825, 0.1568627450980392)	b07_h019_11_triṣṭubh
(0.8392156862745098, 0.15294117647058825, 0.1568627450980392)	b07_h026_05_triṣṭubh
(0.8392156862745098, 0.15294117647058825, 0.1568627450980392)	b07_h042_06_triṣṭubh
(0.8392156862745098, 0.15294117647058825, 0.1568627450980392)	b07_h099_07_triṣṭubh
(0.8392156862745098, 0.15294117647058825, 0.1568627450980392)	b07_h100_07_triṣṭubh
(0.8392156862745098, 0.15294117647058825, 0.1568627450980392)	b07_h093_08_triṣṭubh
(0.8392156862745098, 0.15294117647058825, 0.1568627450980392)	b07_h001_20_triṣṭubh
(0.8392156862745098, 0.15294117647058825, 0.1568627450980392)	b07_h001_25_triṣṭubh
(0.8392156862745098, 0.15294117647058825, 0.1568627450980392)	b07_h060_12_triṣṭubh
(0.8392156862745098, 0.15294117647058825, 0.1568627450980392)	b07_h061_07_triṣṭubh
(0.8392156862745098, 0.15294117647058825, 0.1568627450980392)	b07_h039_07_triṣṭubh
(0.8392156862745098, 0.15294117647058825, 0.1568627450980392)	b07_h040_07_triṣṭubh
(0.8392156862745098, 0.15294117647058825, 0.1568627450980392)	b07_h003_10_triṣṭubh
(0.8392156862745098, 0.15294117647058825, 0.1568627450980392)	b07_h004_10_triṣṭubh
(0.8392156862745098, 0.15294117647058825, 0.1568627450980392)	b07_h030_05_triṣṭubh
(0.8392156862745098, 0.15294117647058825, 0.1568627450980392)	b07_h028_05_triṣṭubh
(0.8392156862745098, 0.15294117647058825, 0.1568627450980392)	b07_h029_05_triṣṭubh
(0.8392156862745098, 0.15294117647058825, 0.1568627450980392)	b07_h090_07_triṣṭubh
(0.8392156862745098, 0.15294117647058825, 0.1568627450980392)	b07_h091_07_triṣṭubh
(0.8392156862745098, 0.15294117647058825, 0.1568627450980392)	b07_h014_03_triṣṭubh
(0.8392156862745098, 0.15294117647058825, 0.1568627450980392)	b07_h037_08_triṣṭubh
(0.8392156862745098, 0.15294117647058825, 0.1568627450980392)	b07_h076_07_triṣṭubh
(0.8392156862745098, 0.15294117647058825, 0.1568627450980392)	b07_h077_06_triṣṭubh
(0.8392156862745098, 0.15294117647058825, 0.1568627450980392)	b07_h043_05_triṣṭubh
(0.8392156862745098, 0.15294117647058825, 0.1568627450980392)	b07_h053_03_triṣṭubh
(0.8392156862745098, 0.15294117647058825, 0.1568627450980392)	b07_h024_06_triṣṭubh
(0.8392156862745098, 0.15294117647058825, 0.1568627450980392)	b07_h025_06_triṣṭubh
(0.8392156862745098, 0.15294117647058825, 0.1568627450980392)	b07_h041_07_triṣṭubh
(0.8392156862745098, 0.15294117647058825, 0.1568627450980392)	b07_h080_03_triṣṭubh
(0.8392156862745098, 0.15294117647058825, 0.1568627450980392)	b07_h047_04_triṣṭubh
(0.8392156862745098, 0.15294117647058825, 0.1568627450980392)	b07_h095_06_triṣṭubh
(0.8392156862745098, 0.15294117647058825, 0.1568627450980392)	b07_h092_05_triṣṭubh
(0.8392156862745098, 0.15294117647058825, 0.1568627450980392)	b07_h011_05_triṣṭubh
(0.8392156862745098, 0.15294117647058825, 0.1568627450980392)	b07_h045_04_triṣṭubh
(0.8392156862745098, 0.15294117647058825, 0.1568627450980392)	b07_h013_03_triṣṭubh
(0.8392156862745098, 0.15294117647058825, 0.1568627450980392)	b07_h051_03_triṣṭubh
(0.8392156862745098, 0.15294117647058825, 0.1568627450980392)	b07_h027_03_triṣṭubh
(0.8392156862745098, 0.15294117647058825, 0.1568627450980392)	b07_h009_06_triṣṭubh
(0.8392156862745098, 0.15294117647058825, 0.1568627450980392)	b07_h023_06_triṣṭubh
(0.8392156862745098, 0.15294117647058825, 0.1568627450980392)	b07_h067_10_triṣṭubh
(0.8392156862745098, 0.15294117647058825, 0.1568627450980392)	b07_h069_08_triṣṭubh
(0.8392156862745098, 0.15294117647058825, 0.1568627450980392)	b07_h072_05_triṣṭubh
(0.8392156862745098, 0.15294117647058825, 0.1568627450980392)	b07_h073_05_triṣṭubh
(0.8392156862745098, 0.15294117647058825, 0.1568627450980392)	b07_h087_07_triṣṭubh
(0.8392156862745098, 0.15294117647058825, 0.1568627450980392)	b07_h070_07_jagatī
(0.8392156862745098, 0.15294117647058825, 0.1568627450980392)	b07_h071_06_triṣṭubh
(0.8392156862745098, 0.15294117647058825, 0.1568627450980392)	b07_h068_09_triṣṭubh
(0.8392156862745098, 0.15294117647058825, 0.1568627450980392)	b07_h088_07_triṣṭubh
(0.8392156862745098, 0.15294117647058825, 0.1568627450980392)	b07_h007_07_triṣṭubh
(0.8392156862745098, 0.15294117647058825, 0.1568627450980392)	b07_h008_07_triṣṭubh
(0.8392156862745098, 0.15294117647058825, 0.1568627450980392)	b07_h035_15_triṣṭubh
(0.8392156862745098, 0.15294117647058825, 0.1568627450980392)	b07_h058_06_triṣṭubh
(0.8392156862745098, 0.15294117647058825, 0.1568627450980392)	b07_h062_06_triṣṭubh
(0.8392156862745098, 0.15294117647058825, 0.1568627450980392)	b07_h063_06_triṣṭubh
(0.8392156862745098, 0.15294117647058825, 0.1568627450980392)	b07_h012_03_triṣṭubh
(0.8392156862745098, 0.15294117647058825, 0.1568627450980392)	b07_h022_09_triṣṭubh
(0.8392156862745098, 0.15294117647058825, 0.1568627450980392)	b07_h048_04_triṣṭubh
(0.8392156862745098, 0.15294117647058825, 0.1568627450980392)	b07_h064_05_triṣṭubh
(0.8392156862745098, 0.15294117647058825, 0.1568627450980392)	b07_h065_05_triṣṭubh
(0.8392156862745098, 0.15294117647058825, 0.1568627450980392)	b07_h034_25_triṣṭubh
(0.8392156862745098, 0.15294117647058825, 0.1568627450980392)	b07_h056_25_triṣṭubh
(0.8392156862745098, 0.15294117647058825, 0.1568627450980392)	b07_h057_07_triṣṭubh
(0.8392156862745098, 0.15294117647058825, 0.1568627450980392)	b07_h036_09_triṣṭubh
(0.8392156862745098, 0.15294117647058825, 0.1568627450980392)	b07_h075_08_triṣṭubh
(0.5803921568627451, 0.403921568627451, 0.7411764705882353)	b07_h038_05_triṣṭubh
(0.5803921568627451, 0.403921568627451, 0.7411764705882353)	b07_h079_01_triṣṭubh
(0.5803921568627451, 0.403921568627451, 0.7411764705882353)	b07_h092_02_triṣṭubh
(0.5803921568627451, 0.403921568627451, 0.7411764705882353)	b07_h006_04_triṣṭubh
(0.5803921568627451, 0.403921568627451, 0.7411764705882353)	b07_h019_08_triṣṭubh
(0.5803921568627451, 0.403921568627451, 0.7411764705882353)	b07_h010_02_triṣṭubh
(0.5803921568627451, 0.403921568627451, 0.7411764705882353)	b07_h027_04_triṣṭubh
(0.5803921568627451, 0.403921568627451, 0.7411764705882353)	b07_h033_11_triṣṭubh
(0.5803921568627451, 0.403921568627451, 0.7411764705882353)	b07_h072_03_triṣṭubh
(0.5803921568627451, 0.403921568627451, 0.7411764705882353)	b07_h007_03_triṣṭubh
(0.5803921568627451, 0.403921568627451, 0.7411764705882353)	b07_h019_01_triṣṭubh
(0.5803921568627451, 0.403921568627451, 0.7411764705882353)	b07_h001_24_triṣṭubh
(0.5803921568627451, 0.403921568627451, 0.7411764705882353)	b07_h010_04_triṣṭubh
(0.5803921568627451, 0.403921568627451, 0.7411764705882353)	b07_h077_04_triṣṭubh
(0.5803921568627451, 0.403921568627451, 0.7411764705882353)	b07_h104_16_triṣṭubh
(0.5803921568627451, 0.403921568627451, 0.7411764705882353)	b07_h090_06_triṣṭubh
(0.5803921568627451, 0.403921568627451, 0.7411764705882353)	b07_h091_02_triṣṭubh
(0.5803921568627451, 0.403921568627451, 0.7411764705882353)	b07_h047_03_triṣṭubh
(0.5803921568627451, 0.403921568627451, 0.7411764705882353)	b07_h099_02_triṣṭubh
(0.5803921568627451, 0.403921568627451, 0.7411764705882353)	b07_h040_06_triṣṭubh
(0.5803921568627451, 0.403921568627451, 0.7411764705882353)	b07_h024_03_triṣṭubh
(0.5803921568627451, 0.403921568627451, 0.7411764705882353)	b07_h044_05_triṣṭubh
(0.5803921568627451, 0.403921568627451, 0.7411764705882353)	b07_h020_07_triṣṭubh
(0.5803921568627451, 0.403921568627451, 0.7411764705882353)	b07_h058_05_triṣṭubh
(0.5803921568627451, 0.403921568627451, 0.7411764705882353)	b07_h088_06_triṣṭubh
(0.5803921568627451, 0.403921568627451, 0.7411764705882353)	b07_h026_04_triṣṭubh
(0.5803921568627451, 0.403921568627451, 0.7411764705882353)	b07_h043_02_triṣṭubh
(0.5803921568627451, 0.403921568627451, 0.7411764705882353)	b07_h057_06_triṣṭubh
(0.5803921568627451, 0.403921568627451, 0.7411764705882353)	b07_h070_04_jagatī
(0.5803921568627451, 0.403921568627451, 0.7411764705882353)	b07_h004_03_triṣṭubh
(0.5803921568627451, 0.403921568627451, 0.7411764705882353)	b07_h067_09_triṣṭubh
(0.5803921568627451, 0.403921568627451, 0.7411764705882353)	b07_h008_01_triṣṭubh
(0.5803921568627451, 0.403921568627451, 0.7411764705882353)	b07_h056_15_triṣṭubh
(0.5803921568627451, 0.403921568627451, 0.7411764705882353)	b07_h061_02_triṣṭubh
(0.5803921568627451, 0.403921568627451, 0.7411764705882353)	b07_h001_23_triṣṭubh
(0.5803921568627451, 0.403921568627451, 0.7411764705882353)	b07_h042_01_triṣṭubh
(0.5803921568627451, 0.403921568627451, 0.7411764705882353)	b07_h092_03_triṣṭubh
(0.5803921568627451, 0.403921568627451, 0.7411764705882353)	b07_h100_03_triṣṭubh
(0.5803921568627451, 0.403921568627451, 0.7411764705882353)	b07_h019_09_triṣṭubh
(0.5803921568627451, 0.403921568627451, 0.7411764705882353)	b07_h097_03_triṣṭubh
(0.5803921568627451, 0.403921568627451, 0.7411764705882353)	b07_h056_16_triṣṭubh
(0.5803921568627451, 0.403921568627451, 0.7411764705882353)	b07_h085_01_triṣṭubh
(0.5803921568627451, 0.403921568627451, 0.7411764705882353)	b07_h023_03_triṣṭubh
(0.5803921568627451, 0.403921568627451, 0.7411764705882353)	b07_h056_22_triṣṭubh
(0.5803921568627451, 0.403921568627451, 0.7411764705882353)	b07_h084_03_triṣṭubh
(0.5803921568627451, 0.403921568627451, 0.7411764705882353)	b07_h058_04_triṣṭubh
(0.5803921568627451, 0.403921568627451, 0.7411764705882353)	b07_h067_05_triṣṭubh
(0.5803921568627451, 0.403921568627451, 0.7411764705882353)	b07_h003_08_triṣṭubh
(0.5803921568627451, 0.403921568627451, 0.7411764705882353)	b07_h018_04_triṣṭubh
(0.5803921568627451, 0.403921568627451, 0.7411764705882353)	b07_h033_13_triṣṭubh
(0.5803921568627451, 0.403921568627451, 0.7411764705882353)	b07_h029_04_triṣṭubh
(0.5803921568627451, 0.403921568627451, 0.7411764705882353)	b07_h078_04_triṣṭubh
(0.5803921568627451, 0.403921568627451, 0.7411764705882353)	b07_h018_06_triṣṭubh
(0.5803921568627451, 0.403921568627451, 0.7411764705882353)	b07_h006_03_triṣṭubh
(0.5803921568627451, 0.403921568627451, 0.7411764705882353)	b07_h053_02_triṣṭubh
(0.5803921568627451, 0.403921568627451, 0.7411764705882353)	b07_h021_04_triṣṭubh
(0.5803921568627451, 0.403921568627451, 0.7411764705882353)	b07_h039_04_triṣṭubh
(0.5803921568627451, 0.403921568627451, 0.7411764705882353)	b07_h056_18_triṣṭubh
(0.5803921568627451, 0.403921568627451, 0.7411764705882353)	b07_h003_03_triṣṭubh
(0.5803921568627451, 0.403921568627451, 0.7411764705882353)	b07_h060_07_triṣṭubh
(0.5803921568627451, 0.403921568627451, 0.7411764705882353)	b07_h004_05_triṣṭubh
(0.5803921568627451, 0.403921568627451, 0.7411764705882353)	b07_h005_09_triṣṭubh
(0.5803921568627451, 0.403921568627451, 0.7411764705882353)	b07_h087_02_triṣṭubh
(0.5803921568627451, 0.403921568627451, 0.7411764705882353)	b07_h017_01_dvipadā triṣṭubh
(0.5803921568627451, 0.403921568627451, 0.7411764705882353)	b07_h017_02_dvipadā triṣṭubh
(0.5803921568627451, 0.403921568627451, 0.7411764705882353)	b07_h017_07_dvipadā triṣṭubh
(0.5803921568627451, 0.403921568627451, 0.7411764705882353)	b07_h022_02_virāj
(0.5803921568627451, 0.403921568627451, 0.7411764705882353)	b07_h022_03_virāj
(0.5803921568627451, 0.403921568627451, 0.7411764705882353)	b07_h001_10_virāj
(0.5803921568627451, 0.403921568627451, 0.7411764705882353)	b07_h022_01_virāj
(0.5803921568627451, 0.403921568627451, 0.7411764705882353)	b07_h060_08_triṣṭubh
(0.5803921568627451, 0.403921568627451, 0.7411764705882353)	b07_h088_04_triṣṭubh
(0.5803921568627451, 0.403921568627451, 0.7411764705882353)	b07_h035_10_triṣṭubh
(0.5803921568627451, 0.403921568627451, 0.7411764705882353)	b07_h069_06_triṣṭubh
(0.5803921568627451, 0.403921568627451, 0.7411764705882353)	b07_h004_06_triṣṭubh
(0.5803921568627451, 0.403921568627451, 0.7411764705882353)	b07_h068_07_virāj
(0.5803921568627451, 0.403921568627451, 0.7411764705882353)	b07_h090_04_triṣṭubh
(0.5803921568627451, 0.403921568627451, 0.7411764705882353)	b07_h007_05_triṣṭubh
(0.5803921568627451, 0.403921568627451, 0.7411764705882353)	b07_h069_03_triṣṭubh
(0.5803921568627451, 0.403921568627451, 0.7411764705882353)	b07_h020_02_triṣṭubh
(0.5803921568627451, 0.403921568627451, 0.7411764705882353)	b07_h043_04_triṣṭubh
(0.5803921568627451, 0.403921568627451, 0.7411764705882353)	b07_h020_01_triṣṭubh
(0.5803921568627451, 0.403921568627451, 0.7411764705882353)	b07_h027_01_triṣṭubh
(0.5803921568627451, 0.403921568627451, 0.7411764705882353)	b07_h001_01_virāj
(0.5803921568627451, 0.403921568627451, 0.7411764705882353)	b07_h039_06_triṣṭubh
(0.5803921568627451, 0.403921568627451, 0.7411764705882353)	b07_h010_03_triṣṭubh
(0.5803921568627451, 0.403921568627451, 0.7411764705882353)	b07_h013_02_triṣṭubh
(0.5803921568627451, 0.403921568627451, 0.7411764705882353)	b07_h036_06_triṣṭubh
(0.5803921568627451, 0.403921568627451, 0.7411764705882353)	b07_h063_01_triṣṭubh
(0.5803921568627451, 0.403921568627451, 0.7411764705882353)	b07_h091_06_triṣṭubh
(0.5803921568627451, 0.403921568627451, 0.7411764705882353)	b07_h103_03_triṣṭubh
(0.5803921568627451, 0.403921568627451, 0.7411764705882353)	b07_h001_04_virāj
(0.5803921568627451, 0.403921568627451, 0.7411764705882353)	b07_h039_02_triṣṭubh
(0.5803921568627451, 0.403921568627451, 0.7411764705882353)	b07_h006_02_triṣṭubh
(0.5803921568627451, 0.403921568627451, 0.7411764705882353)	b07_h075_05_triṣṭubh
(0.5803921568627451, 0.403921568627451, 0.7411764705882353)	b07_h006_06_triṣṭubh
(0.5803921568627451, 0.403921568627451, 0.7411764705882353)	b07_h063_04_triṣṭubh
(0.5803921568627451, 0.403921568627451, 0.7411764705882353)	b07_h018_14_triṣṭubh
(0.5803921568627451, 0.403921568627451, 0.7411764705882353)	b07_h098_04_triṣṭubh
(0.5803921568627451, 0.403921568627451, 0.7411764705882353)	b07_h021_03_triṣṭubh
(0.5803921568627451, 0.403921568627451, 0.7411764705882353)	b07_h093_02_triṣṭubh
(0.5803921568627451, 0.403921568627451, 0.7411764705882353)	b07_h098_01_triṣṭubh
(0.5803921568627451, 0.403921568627451, 0.7411764705882353)	b07_h002_05_triṣṭubh
(0.5803921568627451, 0.403921568627451, 0.7411764705882353)	b07_h010_01_triṣṭubh
(0.5803921568627451, 0.403921568627451, 0.7411764705882353)	b07_h033_05_triṣṭubh
(0.5803921568627451, 0.403921568627451, 0.7411764705882353)	b07_h093_05_triṣṭubh
(0.5803921568627451, 0.403921568627451, 0.7411764705882353)	b07_h090_01_triṣṭubh
(0.5803921568627451, 0.403921568627451, 0.7411764705882353)	b07_h097_07_triṣṭubh
(0.5803921568627451, 0.403921568627451, 0.7411764705882353)	b07_h005_01_triṣṭubh
(0.5803921568627451, 0.403921568627451, 0.7411764705882353)	b07_h035_14_triṣṭubh
(0.5803921568627451, 0.403921568627451, 0.7411764705882353)	b07_h001_14_virāj
(0.5803921568627451, 0.403921568627451, 0.7411764705882353)	b07_h077_01_triṣṭubh
(0.5803921568627451, 0.403921568627451, 0.7411764705882353)	b07_h036_08_triṣṭubh
(0.5803921568627451, 0.403921568627451, 0.7411764705882353)	b07_h069_02_triṣṭubh
(0.5803921568627451, 0.403921568627451, 0.7411764705882353)	b07_h095_04_triṣṭubh
(0.5803921568627451, 0.403921568627451, 0.7411764705882353)	b07_h001_12_virāj
(0.5803921568627451, 0.403921568627451, 0.7411764705882353)	b07_h068_02_virāj
(0.5803921568627451, 0.403921568627451, 0.7411764705882353)	b07_h017_04_dvipadā triṣṭubh
(0.5803921568627451, 0.403921568627451, 0.7411764705882353)	b07_h017_03_dvipadā triṣṭubh
(0.5803921568627451, 0.403921568627451, 0.7411764705882353)	b07_h087_05_triṣṭubh
(0.5803921568627451, 0.403921568627451, 0.7411764705882353)	b07_h091_04_triṣṭubh
(0.5803921568627451, 0.403921568627451, 0.7411764705882353)	b07_h001_22_triṣṭubh
(0.5803921568627451, 0.403921568627451, 0.7411764705882353)	b07_h038_07_triṣṭubh
(0.5803921568627451, 0.403921568627451, 0.7411764705882353)	b07_h056_17_triṣṭubh
(0.5803921568627451, 0.403921568627451, 0.7411764705882353)	b07_h092_04_triṣṭubh
(0.5803921568627451, 0.403921568627451, 0.7411764705882353)	b07_h019_06_triṣṭubh
(0.5803921568627451, 0.403921568627451, 0.7411764705882353)	b07_h023_05_triṣṭubh
(0.5803921568627451, 0.403921568627451, 0.7411764705882353)	b07_h033_01_triṣṭubh
(0.5803921568627451, 0.403921568627451, 0.7411764705882353)	b07_h042_04_triṣṭubh
(0.5803921568627451, 0.403921568627451, 0.7411764705882353)	b07_h067_01_triṣṭubh
(0.5803921568627451, 0.403921568627451, 0.7411764705882353)	b07_h097_04_triṣṭubh
(0.5803921568627451, 0.403921568627451, 0.7411764705882353)	b07_h018_07_triṣṭubh
(0.5803921568627451, 0.403921568627451, 0.7411764705882353)	b07_h029_02_triṣṭubh
(0.5803921568627451, 0.403921568627451, 0.7411764705882353)	b07_h041_06_triṣṭubh
(0.5803921568627451, 0.403921568627451, 0.7411764705882353)	b07_h104_08_triṣṭubh
(0.5803921568627451, 0.403921568627451, 0.7411764705882353)	b07_h026_01_triṣṭubh
(0.5803921568627451, 0.403921568627451, 0.7411764705882353)	b07_h076_04_triṣṭubh
(0.5803921568627451, 0.403921568627451, 0.7411764705882353)	b07_h011_02_triṣṭubh
(0.5803921568627451, 0.403921568627451, 0.7411764705882353)	b07_h076_06_triṣṭubh
(0.5803921568627451, 0.403921568627451, 0.7411764705882353)	b07_h104_13_triṣṭubh
(0.5803921568627451, 0.403921568627451, 0.7411764705882353)	b07_h075_01_triṣṭubh
(0.5803921568627451, 0.403921568627451, 0.7411764705882353)	b07_h093_01_triṣṭubh
(0.5803921568627451, 0.403921568627451, 0.7411764705882353)	b07_h037_02_triṣṭubh
(0.5803921568627451, 0.403921568627451, 0.7411764705882353)	b07_h038_01_triṣṭubh
(0.5803921568627451, 0.403921568627451, 0.7411764705882353)	b07_h062_03_triṣṭubh
(0.5803921568627451, 0.403921568627451, 0.7411764705882353)	b07_h041_04_triṣṭubh
(0.5803921568627451, 0.403921568627451, 0.7411764705882353)	b07_h056_19_triṣṭubh
(0.5803921568627451, 0.403921568627451, 0.7411764705882353)	b07_h090_03_triṣṭubh
(0.5803921568627451, 0.403921568627451, 0.7411764705882353)	b07_h099_05_triṣṭubh
(0.5803921568627451, 0.403921568627451, 0.7411764705882353)	b07_h018_01_triṣṭubh
(0.5803921568627451, 0.403921568627451, 0.7411764705882353)	b07_h059_07_triṣṭubh
(0.5803921568627451, 0.403921568627451, 0.7411764705882353)	b07_h025_05_triṣṭubh
(0.5803921568627451, 0.403921568627451, 0.7411764705882353)	b07_h048_03_triṣṭubh
(0.5803921568627451, 0.403921568627451, 0.7411764705882353)	b07_h068_08_triṣṭubh
(0.5803921568627451, 0.403921568627451, 0.7411764705882353)	b07_h104_17_triṣṭubh
(0.5803921568627451, 0.403921568627451, 0.7411764705882353)	b07_h075_02_triṣṭubh
(0.5803921568627451, 0.403921568627451, 0.7411764705882353)	b07_h077_05_triṣṭubh
(0.5803921568627451, 0.403921568627451, 0.7411764705882353)	b07_h005_03_triṣṭubh
(0.5803921568627451, 0.403921568627451, 0.7411764705882353)	b07_h065_03_triṣṭubh
(0.5803921568627451, 0.403921568627451, 0.7411764705882353)	b07_h076_03_triṣṭubh
(0.5803921568627451, 0.403921568627451, 0.7411764705882353)	b07_h098_06_triṣṭubh
(0.5803921568627451, 0.403921568627451, 0.7411764705882353)	b07_h072_02_triṣṭubh
(0.5803921568627451, 0.403921568627451, 0.7411764705882353)	b07_h011_03_triṣṭubh
(0.5803921568627451, 0.403921568627451, 0.7411764705882353)	b07_h063_02_triṣṭubh
(0.5803921568627451, 0.403921568627451, 0.7411764705882353)	b07_h057_02_triṣṭubh
(0.5803921568627451, 0.403921568627451, 0.7411764705882353)	b07_h071_03_triṣṭubh
(0.5803921568627451, 0.403921568627451, 0.7411764705882353)	b07_h002_06_triṣṭubh
(0.5803921568627451, 0.403921568627451, 0.7411764705882353)	b07_h099_04_triṣṭubh
(0.5803921568627451, 0.403921568627451, 0.7411764705882353)	b07_h018_25_triṣṭubh
(0.5803921568627451, 0.403921568627451, 0.7411764705882353)	b07_h044_02_triṣṭubh
(0.5803921568627451, 0.403921568627451, 0.7411764705882353)	b07_h018_17_triṣṭubh
(0.5803921568627451, 0.403921568627451, 0.7411764705882353)	b07_h034_22_triṣṭubh
(0.5803921568627451, 0.403921568627451, 0.7411764705882353)	b07_h033_09_triṣṭubh
(0.5803921568627451, 0.403921568627451, 0.7411764705882353)	b07_h033_12_triṣṭubh
(0.5803921568627451, 0.403921568627451, 0.7411764705882353)	b07_h002_09_triṣṭubh
(0.5803921568627451, 0.403921568627451, 0.7411764705882353)	b07_h018_09_triṣṭubh
(0.5803921568627451, 0.403921568627451, 0.7411764705882353)	b07_h075_04_triṣṭubh
(0.5803921568627451, 0.403921568627451, 0.7411764705882353)	b07_h098_05_triṣṭubh
(0.5803921568627451, 0.403921568627451, 0.7411764705882353)	b07_h103_10_triṣṭubh
(0.5803921568627451, 0.403921568627451, 0.7411764705882353)	b07_h001_03_virāj
(0.5803921568627451, 0.403921568627451, 0.7411764705882353)	b07_h068_06_virāj
(0.5803921568627451, 0.403921568627451, 0.7411764705882353)	b07_h001_05_virāj
(0.5803921568627451, 0.403921568627451, 0.7411764705882353)	b07_h001_15_virāj
(0.5803921568627451, 0.403921568627451, 0.7411764705882353)	b07_h022_05_virāj
(0.5803921568627451, 0.403921568627451, 0.7411764705882353)	b07_h049_02_triṣṭubh
(0.5803921568627451, 0.403921568627451, 0.7411764705882353)	b07_h054_02_triṣṭubh
(0.5803921568627451, 0.403921568627451, 0.7411764705882353)	b07_h056_24_triṣṭubh
(0.5803921568627451, 0.403921568627451, 0.7411764705882353)	b07_h003_07_triṣṭubh
(0.5803921568627451, 0.403921568627451, 0.7411764705882353)	b07_h002_07_triṣṭubh
(0.5803921568627451, 0.403921568627451, 0.7411764705882353)	b07_h018_24_triṣṭubh
(0.5803921568627451, 0.403921568627451, 0.7411764705882353)	b07_h072_01_triṣṭubh
(0.5803921568627451, 0.403921568627451, 0.7411764705882353)	b07_h079_03_triṣṭubh
(0.5803921568627451, 0.403921568627451, 0.7411764705882353)	b07_h099_06_triṣṭubh
(0.5803921568627451, 0.403921568627451, 0.7411764705882353)	b07_h013_01_triṣṭubh
(0.5803921568627451, 0.403921568627451, 0.7411764705882353)	b07_h087_01_triṣṭubh
(0.5803921568627451, 0.403921568627451, 0.7411764705882353)	b07_h070_06_jagatī
(0.5803921568627451, 0.403921568627451, 0.7411764705882353)	b07_h076_02_triṣṭubh
(0.5803921568627451, 0.403921568627451, 0.7411764705882353)	b07_h018_21_triṣṭubh
(0.5803921568627451, 0.403921568627451, 0.7411764705882353)	b07_h045_02_triṣṭubh
(0.5803921568627451, 0.403921568627451, 0.7411764705882353)	b07_h097_06_triṣṭubh
(0.5803921568627451, 0.403921568627451, 0.7411764705882353)	b07_h010_05_triṣṭubh
(0.5803921568627451, 0.403921568627451, 0.7411764705882353)	b07_h052_01_triṣṭubh
(0.5803921568627451, 0.403921568627451, 0.7411764705882353)	b07_h002_10_triṣṭubh
(0.5803921568627451, 0.403921568627451, 0.7411764705882353)	b07_h042_02_triṣṭubh
(0.5803921568627451, 0.403921568627451, 0.7411764705882353)	b07_h040_03_triṣṭubh
(0.5803921568627451, 0.403921568627451, 0.7411764705882353)	b07_h093_04_triṣṭubh
(0.5803921568627451, 0.403921568627451, 0.7411764705882353)	b07_h003_09_triṣṭubh
(0.5803921568627451, 0.403921568627451, 0.7411764705882353)	b07_h036_04_triṣṭubh
(0.5803921568627451, 0.403921568627451, 0.7411764705882353)	b07_h012_02_triṣṭubh
(0.5803921568627451, 0.403921568627451, 0.7411764705882353)	b07_h104_09_triṣṭubh
(0.5803921568627451, 0.403921568627451, 0.7411764705882353)	b07_h008_06_triṣṭubh
(0.5803921568627451, 0.403921568627451, 0.7411764705882353)	b07_h048_01_triṣṭubh
(0.5803921568627451, 0.403921568627451, 0.7411764705882353)	b07_h021_02_triṣṭubh
(0.5803921568627451, 0.403921568627451, 0.7411764705882353)	b07_h026_02_triṣṭubh
(0.5803921568627451, 0.403921568627451, 0.7411764705882353)	b07_h035_01_triṣṭubh
(0.5803921568627451, 0.403921568627451, 0.7411764705882353)	b07_h100_01_triṣṭubh
(0.5803921568627451, 0.403921568627451, 0.7411764705882353)	b07_h034_12_dvipadā
(0.5803921568627451, 0.403921568627451, 0.7411764705882353)	b07_h056_03_dvipadāvirāj
(0.5803921568627451, 0.403921568627451, 0.7411764705882353)	b07_h056_05_dvipadāvirāj
(0.5803921568627451, 0.403921568627451, 0.7411764705882353)	b07_h034_06_dvipadā
(0.5803921568627451, 0.403921568627451, 0.7411764705882353)	b07_h034_19_dvipadā
(0.5803921568627451, 0.403921568627451, 0.7411764705882353)	b07_h034_03_dvipadā
(0.5803921568627451, 0.403921568627451, 0.7411764705882353)	b07_h034_10_dvipadā
(0.5803921568627451, 0.403921568627451, 0.7411764705882353)	b07_h034_11_dvipadā
(0.5803921568627451, 0.403921568627451, 0.7411764705882353)	b07_h056_06_dvipadāvirāj
(0.5803921568627451, 0.403921568627451, 0.7411764705882353)	b07_h034_09_dvipadā
(0.5803921568627451, 0.403921568627451, 0.7411764705882353)	b07_h034_14_dvipadā
(0.5803921568627451, 0.403921568627451, 0.7411764705882353)	b07_h056_07_dvipadāvirāj
(0.5803921568627451, 0.403921568627451, 0.7411764705882353)	b07_h034_13_dvipadā
(0.5803921568627451, 0.403921568627451, 0.7411764705882353)	b07_h034_02_dvipadā
(0.5803921568627451, 0.403921568627451, 0.7411764705882353)	b07_h056_01_dvipadāvirāj
(0.5803921568627451, 0.403921568627451, 0.7411764705882353)	b07_h034_05_dvipadā
(0.5803921568627451, 0.403921568627451, 0.7411764705882353)	b07_h034_16_dvipadā
(0.5803921568627451, 0.403921568627451, 0.7411764705882353)	b07_h034_20_dvipadā
(0.5803921568627451, 0.403921568627451, 0.7411764705882353)	b07_h034_04_dvipadā
(0.5803921568627451, 0.403921568627451, 0.7411764705882353)	b07_h034_08_dvipadā
(0.5803921568627451, 0.403921568627451, 0.7411764705882353)	b07_h034_07_dvipadā
(0.5803921568627451, 0.403921568627451, 0.7411764705882353)	b07_h056_02_dvipadāvirāj
(0.5803921568627451, 0.403921568627451, 0.7411764705882353)	b07_h056_04_dvipadāvirāj
(0.5803921568627451, 0.403921568627451, 0.7411764705882353)	b07_h056_09_dvipadāvirāj
(0.5803921568627451, 0.403921568627451, 0.7411764705882353)	b07_h017_06_dvipadā triṣṭubh
(0.5803921568627451, 0.403921568627451, 0.7411764705882353)	b07_h017_05_dvipadā triṣṭubh
(0.5803921568627451, 0.403921568627451, 0.7411764705882353)	b07_h022_04_virāj
(0.5803921568627451, 0.403921568627451, 0.7411764705882353)	b07_h034_21_dvipadā
(0.5803921568627451, 0.403921568627451, 0.7411764705882353)	b07_h056_08_dvipadāvirāj
(0.5803921568627451, 0.403921568627451, 0.7411764705882353)	b07_h056_11_dvipadāvirāj
(0.5803921568627451, 0.403921568627451, 0.7411764705882353)	b07_h034_01_dvipadā
(0.5803921568627451, 0.403921568627451, 0.7411764705882353)	b07_h034_15_dvipadā
(0.5803921568627451, 0.403921568627451, 0.7411764705882353)	b07_h056_10_dvipadāvirāj
(0.5803921568627451, 0.403921568627451, 0.7411764705882353)	b07_h031_11_virāj
(0.5803921568627451, 0.403921568627451, 0.7411764705882353)	b07_h043_01_triṣṭubh
(0.5803921568627451, 0.403921568627451, 0.7411764705882353)	b07_h091_03_triṣṭubh
(0.5803921568627451, 0.403921568627451, 0.7411764705882353)	b07_h001_17_virāj
(0.5803921568627451, 0.403921568627451, 0.7411764705882353)	b07_h009_01_triṣṭubh
(0.5803921568627451, 0.403921568627451, 0.7411764705882353)	b07_h018_05_triṣṭubh
(0.5803921568627451, 0.403921568627451, 0.7411764705882353)	b07_h001_13_virāj
(0.5803921568627451, 0.403921568627451, 0.7411764705882353)	b07_h068_01_virāj
(0.5803921568627451, 0.403921568627451, 0.7411764705882353)	b07_h001_06_virāj
(0.5803921568627451, 0.403921568627451, 0.7411764705882353)	b07_h031_10_virāj
(0.5803921568627451, 0.403921568627451, 0.7411764705882353)	b07_h022_07_virāj
(0.5803921568627451, 0.403921568627451, 0.7411764705882353)	b07_h001_07_virāj
(0.5803921568627451, 0.403921568627451, 0.7411764705882353)	b07_h031_12_virāj
(0.5803921568627451, 0.403921568627451, 0.7411764705882353)	b07_h088_05_triṣṭubh
(0.5803921568627451, 0.403921568627451, 0.7411764705882353)	b07_h018_16_triṣṭubh
(0.5803921568627451, 0.403921568627451, 0.7411764705882353)	b07_h009_02_triṣṭubh
(0.5803921568627451, 0.403921568627451, 0.7411764705882353)	b07_h067_02_triṣṭubh
(0.5803921568627451, 0.403921568627451, 0.7411764705882353)	b07_h011_04_triṣṭubh
(0.5803921568627451, 0.403921568627451, 0.7411764705882353)	b07_h084_01_triṣṭubh
(0.5803921568627451, 0.403921568627451, 0.7411764705882353)	b07_h002_11_triṣṭubh
(0.5803921568627451, 0.403921568627451, 0.7411764705882353)	b07_h053_01_triṣṭubh
(0.5803921568627451, 0.403921568627451, 0.7411764705882353)	b07_h020_03_triṣṭubh
(0.5803921568627451, 0.403921568627451, 0.7411764705882353)	b07_h075_07_triṣṭubh
(0.5803921568627451, 0.403921568627451, 0.7411764705882353)	b07_h088_01_triṣṭubh
(0.5803921568627451, 0.403921568627451, 0.7411764705882353)	b07_h037_01_triṣṭubh
(0.5803921568627451, 0.403921568627451, 0.7411764705882353)	b07_h085_02_triṣṭubh
(0.5803921568627451, 0.403921568627451, 0.7411764705882353)	b07_h097_09_triṣṭubh
(0.5803921568627451, 0.403921568627451, 0.7411764705882353)	b07_h005_05_triṣṭubh
(0.5803921568627451, 0.403921568627451, 0.7411764705882353)	b07_h080_01_triṣṭubh
(0.5803921568627451, 0.403921568627451, 0.7411764705882353)	b07_h019_03_triṣṭubh
(0.5803921568627451, 0.403921568627451, 0.7411764705882353)	b07_h037_07_triṣṭubh
(0.5803921568627451, 0.403921568627451, 0.7411764705882353)	b07_h002_02_triṣṭubh
(0.5803921568627451, 0.403921568627451, 0.7411764705882353)	b07_h100_05_triṣṭubh
(0.5803921568627451, 0.403921568627451, 0.7411764705882353)	b07_h045_01_triṣṭubh
(0.5803921568627451, 0.403921568627451, 0.7411764705882353)	b07_h060_11_triṣṭubh
(0.5803921568627451, 0.403921568627451, 0.7411764705882353)	b07_h075_06_triṣṭubh
(0.5803921568627451, 0.403921568627451, 0.7411764705882353)	b07_h001_08_virāj
(0.5803921568627451, 0.403921568627451, 0.7411764705882353)	b07_h001_09_virāj
(0.5803921568627451, 0.403921568627451, 0.7411764705882353)	b07_h007_02_triṣṭubh
(0.5803921568627451, 0.403921568627451, 0.7411764705882353)	b07_h040_05_triṣṭubh
(0.5803921568627451, 0.403921568627451, 0.7411764705882353)	b07_h064_01_triṣṭubh
(0.5803921568627451, 0.403921568627451, 0.7411764705882353)	b07_h008_05_triṣṭubh
(0.5803921568627451, 0.403921568627451, 0.7411764705882353)	b07_h052_03_triṣṭubh
(0.5803921568627451, 0.403921568627451, 0.7411764705882353)	b07_h040_01_triṣṭubh
(0.5803921568627451, 0.403921568627451, 0.7411764705882353)	b07_h084_04_triṣṭubh
(0.5803921568627451, 0.403921568627451, 0.7411764705882353)	b07_h037_03_triṣṭubh
(0.5803921568627451, 0.403921568627451, 0.7411764705882353)	b07_h061_06_triṣṭubh
(0.5803921568627451, 0.403921568627451, 0.7411764705882353)	b07_h070_02_jagatī
(0.5803921568627451, 0.403921568627451, 0.7411764705882353)	b07_h068_03_virāj
(0.5803921568627451, 0.403921568627451, 0.7411764705882353)	b07_h021_07_triṣṭubh
(0.5803921568627451, 0.403921568627451, 0.7411764705882353)	b07_h057_03_triṣṭubh
(0.5803921568627451, 0.403921568627451, 0.7411764705882353)	b07_h077_03_triṣṭubh
(0.5803921568627451, 0.403921568627451, 0.7411764705882353)	b07_h006_01_triṣṭubh
(0.5803921568627451, 0.403921568627451, 0.7411764705882353)	b07_h043_03_triṣṭubh
(0.5803921568627451, 0.403921568627451, 0.7411764705882353)	b07_h004_01_triṣṭubh
(0.5803921568627451, 0.403921568627451, 0.7411764705882353)	b07_h023_01_triṣṭubh
(0.5803921568627451, 0.403921568627451, 0.7411764705882353)	b07_h033_07_triṣṭubh
(0.5803921568627451, 0.403921568627451, 0.7411764705882353)	b07_h101_04_triṣṭubh
(0.5803921568627451, 0.403921568627451, 0.7411764705882353)	b07_h002_03_triṣṭubh
(0.5803921568627451, 0.403921568627451, 0.7411764705882353)	b07_h078_01_triṣṭubh
(0.5803921568627451, 0.403921568627451, 0.7411764705882353)	b07_h018_23_triṣṭubh
(0.5803921568627451, 0.403921568627451, 0.7411764705882353)	b07_h050_04_atijagatīORśakvarī
(0.5803921568627451, 0.403921568627451, 0.7411764705882353)	b07_h008_03_triṣṭubh
(0.5803921568627451, 0.403921568627451, 0.7411764705882353)	b07_h065_01_triṣṭubh
(0.5803921568627451, 0.403921568627451, 0.7411764705882353)	b07_h060_04_triṣṭubh
(0.5803921568627451, 0.403921568627451, 0.7411764705882353)	b07_h085_03_triṣṭubh
(0.5803921568627451, 0.403921568627451, 0.7411764705882353)	b07_h060_05_triṣṭubh
(0.5803921568627451, 0.403921568627451, 0.7411764705882353)	b07_h103_06_triṣṭubh
(0.5803921568627451, 0.403921568627451, 0.7411764705882353)	b07_h058_01_triṣṭubh
(0.5803921568627451, 0.403921568627451, 0.7411764705882353)	b07_h061_04_triṣṭubh
(0.5803921568627451, 0.403921568627451, 0.7411764705882353)	b07_h007_04_triṣṭubh
(0.5803921568627451, 0.403921568627451, 0.7411764705882353)	b07_h097_02_triṣṭubh
(0.5803921568627451, 0.403921568627451, 0.7411764705882353)	b07_h038_04_triṣṭubh
(0.5803921568627451, 0.403921568627451, 0.7411764705882353)	b07_h060_01_triṣṭubh
(0.5803921568627451, 0.403921568627451, 0.7411764705882353)	b07_h030_02_triṣṭubh
(0.5803921568627451, 0.403921568627451, 0.7411764705882353)	b07_h060_09_triṣṭubh
(0.5803921568627451, 0.403921568627451, 0.7411764705882353)	b07_h034_24_triṣṭubh
(0.5803921568627451, 0.403921568627451, 0.7411764705882353)	b07_h078_02_triṣṭubh
(0.5803921568627451, 0.403921568627451, 0.7411764705882353)	b07_h006_05_triṣṭubh
(0.5803921568627451, 0.403921568627451, 0.7411764705882353)	b07_h098_03_triṣṭubh
(0.5803921568627451, 0.403921568627451, 0.7411764705882353)	b07_h024_02_triṣṭubh
(0.5803921568627451, 0.403921568627451, 0.7411764705882353)	b07_h095_05_triṣṭubh
(0.5803921568627451, 0.403921568627451, 0.7411764705882353)	b07_h018_22_triṣṭubh
(0.5803921568627451, 0.403921568627451, 0.7411764705882353)	b07_h086_06_triṣṭubh
(0.5803921568627451, 0.403921568627451, 0.7411764705882353)	b07_h056_14_triṣṭubh
(0.5803921568627451, 0.403921568627451, 0.7411764705882353)	b07_h072_04_triṣṭubh
(0.5803921568627451, 0.403921568627451, 0.7411764705882353)	b07_h086_07_triṣṭubh
(0.5803921568627451, 0.403921568627451, 0.7411764705882353)	b07_h087_03_triṣṭubh
(0.5803921568627451, 0.403921568627451, 0.7411764705882353)	b07_h073_03_triṣṭubh
(0.5803921568627451, 0.403921568627451, 0.7411764705882353)	b07_h078_03_triṣṭubh
(0.5803921568627451, 0.403921568627451, 0.7411764705882353)	b07_h097_08_triṣṭubh
(0.5803921568627451, 0.403921568627451, 0.7411764705882353)	b07_h019_07_triṣṭubh
(0.5803921568627451, 0.403921568627451, 0.7411764705882353)	b07_h060_06_triṣṭubh
(0.5803921568627451, 0.403921568627451, 0.7411764705882353)	b07_h014_02_triṣṭubh
(0.5803921568627451, 0.403921568627451, 0.7411764705882353)	b07_h056_12_triṣṭubh
(0.5803921568627451, 0.403921568627451, 0.7411764705882353)	b07_h003_01_triṣṭubh
(0.5803921568627451, 0.403921568627451, 0.7411764705882353)	b07_h070_03_jagatī
(0.5803921568627451, 0.403921568627451, 0.7411764705882353)	b07_h021_08_triṣṭubh
(0.5803921568627451, 0.403921568627451, 0.7411764705882353)	b07_h071_02_triṣṭubh
(0.5803921568627451, 0.403921568627451, 0.7411764705882353)	b07_h067_03_triṣṭubh
(0.5803921568627451, 0.403921568627451, 0.7411764705882353)	b07_h095_02_triṣṭubh
(0.5803921568627451, 0.403921568627451, 0.7411764705882353)	b07_h030_04_triṣṭubh
(0.5803921568627451, 0.403921568627451, 0.7411764705882353)	b07_h100_04_triṣṭubh
(0.5803921568627451, 0.403921568627451, 0.7411764705882353)	b07_h039_01_triṣṭubh
(0.5803921568627451, 0.403921568627451, 0.7411764705882353)	b07_h040_02_triṣṭubh
(0.5803921568627451, 0.403921568627451, 0.7411764705882353)	b07_h051_02_triṣṭubh
(0.5803921568627451, 0.403921568627451, 0.7411764705882353)	b07_h097_01_triṣṭubh
(0.5803921568627451, 0.403921568627451, 0.7411764705882353)	b07_h001_18_virāj
(0.5803921568627451, 0.403921568627451, 0.7411764705882353)	b07_h018_12_triṣṭubh
